{"alcohol": [0.0852160454, 0.248000026, 0.08451927], "amplifier": [0.9321515, 1.12656152, 0.4773722], "apple": [0.101994418, 0.121887282, 0.113265559], "balanceball": [1.33201838, 0.396325439, 1.33201885], "bananas": [0.09601424, 0.09271974, 0.2659911], "barsoap": [0.1504346, 0.0433942862, 0.136254564], "bathroom": [5.5, 3.0, 5.5], "bathroomcabinet": [0.1359481, 0.757355332, 2.8516078], "bathroomcounter": [0.652000368, 0.39, 2.862], "bathtub": [0.970000744, 0.824000061, 1.7360003], "bed": [1.78499985, 0.3315, 0.994499862], "bedroom": [8.0, 3.0, 5.5], "bellpepper": [0.201928526, 0.148302391, 0.21770218], "bench": [0.350200027, 0.508300066, 1.57760024], "boardgame": [0.34, 0.0085, 0.34], "book": [0.2371167, 0.0336887836, 0.311353683], "bookshelf": [0.4800006, 2.216, 1.52208], "bottlewater": [0.07600021, 0.285000026, 0.07600021], "box": [1.156, 0.688, 0.794], "breadslice": [0.202954441, 0.21266368, 0.101735711], "bucket": [0.298282653, 0.273585826, 0.272985846], "cabinet": [0.7499999, 1.124, 0.514], "candle": [0.117036, 0.137161791, 0.117036], "candybar": [0.0610240139, 0.03216298, 0.201716], "carrot": [0.2858828, 0.08491659, 0.10407114], "ceiling": [2.500001, 9.059906e-06, 2.50000024], "ceilingfan": [0.115446553, 0.0430572964, 0.116814621], "ceilinglamp": [0.3222752, 0.302543163, 0.279098541], "cellphone": [0.234999955, 0.008500099, 0.114999771], "cereal": [0.237073123, 0.294145018, 0.08550128], "chair": [0.234670177, 1.3277, 1.00095177], "character": [1.34859753, 1.67078674, 0.515387952], "chicken": [0.2481552, 0.100878, 0.148635], "chinesefood": [0.171492577, 0.1617369, 0.180726051], "chips": [0.182101369, 0.237880111, 0.159095854], "chocolatesyrup": [0.12382403, 0.202268228, 0.129567534], "clock": [0.3997568, 0.399756432, 0.0696921349], "closet": [0.508942842, 2.00000715, 2.00012684], "closetdrawer": [0.565375, 0.200448319, 0.947749138], "clothespants": [0.236698151, 0.4869871, 0.08578682], "clothespile": [0.195870876, 0.0973570347, 0.267202854], "clothesshirt": [0.455966949, 0.638885736, 0.135974884], "coatrack": [0.399999946, 2.0, 0.359999955], "coffeemaker": [0.369589984, 0.3595001, 0.357602239], "coffeepot": [0.289360046, 0.1318934, 0.284372449], "coffeetable": [1.40748966, 0.411176175, 0.9834091], "computer": [0.6737521, 0.6352923, 0.304861158], "condimentbottle": [0.0603268258, 0.203781426, 0.06032738], "condimentshaker": [0.05739681, 0.103446111, 0.0497071072], "cookingpot": [0.441971123, 0.09484844, 0.414359033], "cpuscreen": [0.288628131, 0.6776071, 0.9265995], "crackers": [0.310014546, 0.0710961, 0.223797232], "crayons": [0.0999999046, 0.0230000019, 0.109999657], "creamybuns": [0.137471721, 0.288347453, 0.101389147], "cupcake": [0.0998842, 0.09922324, 0.09984723], "curtains": [0.5931854, 1.15232587, 0.107337952], "cutleryfork": [0.26143533, 0.0193981566, 0.0257531535], "cutleryknife": [0.0438155681, 0.316965282, 0.0187248085], "cutlets": [0.3578987, 0.06162097, 0.33982116], "cuttingboard": [0.547849059, 0.0127, 0.522007942], "deodorant": [0.04111537, 0.1464077, 0.04111485], "desk": [2.241304, 0.9530401, 0.710711], "dishbowl": [0.3566913, 0.08779088, 0.3566913], "dishwasher": [0.9680001, 1.0200001, 0.789999843], "dishwashingliquid": [0.13639617, 0.29705584, 0.104696214], "door": [0.9283972, 1.0, 0.9283972], "doorjamb": [0.122323036, 2.058256, 0.9283972], "facecream": [0.0889671445, 0.03152771, 0.0889671743], "faucet": [0.100000381, 0.0999999046, 0.0999999046], "floor": [2.5, 9.049975e-06, 2.50000024], "folder": [0.2811513, 0.319756985, 0.07499981], "fridge": [0.711999834, 2.12600017, 0.8899998], "fryingpan": [0.6118113, 0.06835502, 0.596298635], "game": [0.281829834, 0.247551918, 0.129282], "garbagecan": [0.3204279, 0.486, 0.4659107], "glasses": [0.121418, 0.0422956944, 0.120326996], "globe": [0.253019571, 0.43073082, 0.278043747], "guitar": [0.264243, 0.8678551, 0.295602769], "hairproduct": [0.110893153, 0.362071365, 0.110893793], "hanger": [0.366611481, 0.191701889, 0.095500946], "juice": [0.177776024, 0.4060781, 0.1779787], "keyboard": [0.308366239, 0.04913636, 0.729370236], "kitchen": [8.0, 3.0, 8.0], "kitchencabinet": [0.381676823, 0.70001173, 2.24698758], "kitchencounter": [0.3160001, 1.07, 0.7699999], "kitchencounterdrawer": [0.982079268, 0.272947937, 0.711184442], "kitchentable": [1.63800013, 0.950000048, 2.2], "knifeblock": [0.556595862, 0.0448102057, 0.0131905591], "lightswitch": [0.00510570453, 0.0936371461, 0.06867787], "lime": [0.070012, 0.08616312, 0.0897563845], "livingroom": [8.0, 3.0, 8.0], "longboard": [2.01613617, 0.15137893, 0.489022255], "lotionbottle": [0.0600750446, 0.178254962, 0.06007576], "magazine": [0.209999084, 0.00999999, 0.279999733], "maindoor": [0.8772774, 2.02771235, 0.3607769], "microwave": [0.53931576, 0.304743677, 0.3917713], "milk": [0.123023987, 0.240758, 0.123024985], "milkshake": [0.09153122, 0.302952021, 0.122949906], "mincedmeat": [0.288903981, 0.0460341, 0.2615109], "mouse": [0.201129735, 0.0402507074, 0.14577423], "mousemat": [0.4324622, 0.00716543244, 0.4369305], "mug": [0.0899078548, 0.0995673, 0.121515974], "nightstand": [0.122400343, 0.484000027, 1.05072665], "notes": [0.21999979, 0.00999999, 0.149999619], "orchid": [0.2402935, 0.193984866, 0.2402935], "oventray": [0.933822632, 0.02155888, 0.6174073], "painkillers": [0.06954045, 0.1261858, 0.06779726], "pancake": [0.1986391, 0.08202022, 0.198639125], "paper": [0.1960001, 0.00500011444, 0.269999981], "papertray": [0.3733487, 0.317162335, 0.25], "peach": [0.07446259, 0.0829791054, 0.09061618], "pear": [0.124308914, 0.101695247, 0.16369386], "perfume": [0.05325371, 0.152845576, 0.05325371], "photoframe": [0.136339039, 0.212528616, 0.175088838], "pie": [0.252854139, 0.0602128021, 0.25285387], "pillow": [0.4678892, 0.136602774, 0.5455818], "plate": [0.290419757, 0.0192230251, 0.290419757], "plum": [0.0785659254, 0.06574333, 0.057216], "poundcake": [0.270831317, 0.1003212, 0.270831317], "powersocket": [0.0160641018, 0.154280722, 0.0908234343], "printer": [0.7018195, 0.309958518, 0.538493335], "pudding": [0.126299411, 0.0655626, 0.132924], "radio": [0.182548523, 0.18869257, 0.3050003], "remotecontrol": [0.0659999847, 0.0299999714, 0.223000526], "rug": [2.54964638, 0.0139463525, 2.54964638], "salad": [0.315000057, 0.0500000119, 0.310000062], "salmon": [0.2388873, 0.0480879024, 0.287590384], "shelf": [0.62500006, 2.5, 0.625], "sink": [0.672391832, 2.220446e-18, 0.3771796], "slippers": [0.368450165, 0.07181433, 0.321500778], "sofa": [1.0608, 0.826200068, 2.16410065], "speaker": [0.435310364, 0.466902852, 0.3041172], "sportsball": [0.0927273557, 0.0955105945, 0.0915224552], "stall": [1.56272185, 2.50064278, 1.56474018], "standingmirror": [0.6386347, 1.789372, 0.04045868], "stove": [1.002, 1.08, 0.8319998], "stovefan": [0.333598465, 0.7120094, 0.255937368], "sundae": [0.120808713, 0.248650819, 0.08554674], "tablelamp": [0.352488279, 0.5775016, 0.3406124], "teddybear": [0.3510313, 0.417705774, 0.343185425], "toaster": [0.371319771, 0.20953165, 0.3150587], "toilet": [0.654499948, 0.460700065, 0.6783], "toiletpaper": [0.1566548, 0.178975016, 0.2160594], "toothbrush": [0.02593753, 0.2375056, 0.101253346], "toothpaste": [0.18595235, 0.0335556157, 0.108884767], "towel": [0.316705555, 0.4129926, 0.0332074], "towelrack": [0.9922993, 0.0247555971, 0.08646033], "towelrolled": [0.298989832, 0.08814656, 0.39500013], "toy": [0.174640656, 0.256345034, 0.248718262], "tv": [0.365279466, 1.27743936, 1.71621156], "tvstand": [0.375919253, 0.525948942, 2.27519751], "vase": [0.108091354, 0.768607, 0.108091354], "wall": [2.500045, 2.50002766, 2.50000048], "walllamp": [0.478171468, 0.121886775, 0.09500997], "wallphone": [0.0193605591, 0.269949377, 0.09333785], "wallpictureframe": [0.955631256, 1.25704336, 0.041721344], "wallshelf": [0.2722734, 0.1819556, 1.00000048], "washingmachine": [0.7247998, 0.998400033, 0.662400246], "washingsponge": [0.191892773, 0.0488643944, 0.114323393], "waterglass": [0.08951233, 0.123450167, 0.08951233],