{
    "food": {
        "target": 10,
        "container": 4
    },
    "stuff": {
        "target": 10,
        "container": 4
    },
    "0": {
        "x": -3.2536439895629883,
        "y": 0,
        "z": 2.5745792388916016
    },
    "1": {
        "x": 7.746356010437012,
        "y": 0,
        "z": 0.5745792388916016
    }
}