{
    "food": {
        "target": 10,
        "container": 4
    },
    "stuff": {
        "target": 10,
        "container": 4
    },
    "0": {
        "x": 8.246356010437012,
        "y": 0,
        "z": -1.9254207611083984
    },
    "1": {
        "x": 3.2463560104370117,
        "y": 0,
        "z": 0.5745792388916016
    }
}