{
    "food": {
        "target": 10,
        "container": 4
    },
    "stuff": {
        "target": 10,
        "container": 4
    },
    "0": {
        "x": -10.253643989562988,
        "y": 0,
        "z": 3.5745792388916016
    },
    "1": {
        "x": 9.246356010437012,
        "y": 0,
        "z": 1.5745792388916016
    }
}