{
    "food": {
        "target": 10,
        "container": 4
    },
    "stuff": {
        "target": 10,
        "container": 4
    },
    "0": {
        "x": 4.919797897338867,
        "y": 0,
        "z": 0.7389569282531738
    },
    "1": {
        "x": 1.4197978973388672,
        "y": 0,
        "z": -3.261043071746826
    }
}