{
    "food": {
        "target": 10,
        "container": 4
    },
    "stuff": {
        "target": 10,
        "container": 4
    },
    "0": {
        "x": -0.5802021026611328,
        "y": 0,
        "z": 3.238956928253174
    },
    "1": {
        "x": 5.919797897338867,
        "y": 0,
        "z": -3.761043071746826
    }
}