{
    "food": {
        "target": 10,
        "container": 4
    },
    "stuff": {
        "target": 10,
        "container": 4
    },
    "0": {
        "x": 1.9197978973388672,
        "y": 0,
        "z": 4.738956928253174
    },
    "1": {
        "x": -4.580202102661133,
        "y": 0,
        "z": 3.738956928253174
    }
}